{
  "providers": [
    {
      "file": "reloadedranks:font/ranks/member.png",
      "chars": [
        "\uE248"
      ],
      "height": 8,
      "ascent": 8,
      "type": "bitmap"
    },
    {
      "file": "reloadedranks:font/ranks/pro.png",
      "chars": [
        "\uE240"
      ],
      "height": 8,
      "ascent": 8,
      "type": "bitmap"
    },
    {
      "file": "reloadedranks:font/ranks/warrior.png",
      "chars": [
        "\uE244"
      ],
      "height": 8,
      "ascent": 8,
      "type": "bitmap"
    },
    {
      "file": "reloadedranks:font/ranks/champion.png",
      "chars": [
        "\uE241"
      ],
      "height": 8,
      "ascent": 8,
      "type": "bitmap"
    },
    {
      "file": "reloadedranks:font/ranks/knight.png",
      "chars": [
        "\uE242"
      ],
      "height": 8,
      "ascent": 8,
      "type": "bitmap"
    },
    {
      "file": "reloadedranks:font/ranks/elite.png",
      "chars": [
        "\uE243"
      ],
      "height": 8,
      "ascent": 8,
      "type": "bitmap"
    },
    {
      "file": "reloadedranks:font/ranks/emperor.png",
      "chars": [
        "\uE245"
      ],
      "height": 8,
      "ascent": 8,
      "type": "bitmap"
    },
    {
      "file": "reloadedranks:font/ranks/helper.png",
      "chars": [
        "\uE24C"
      ],
      "height": 8,
      "ascent": 8,
      "type": "bitmap"
    },
    {
      "file": "reloadedranks:font/ranks/builder.png",
      "chars": [
        "\uE23B"
      ],
      "height": 8,
      "ascent": 8,
      "type": "bitmap"
    },
    {
      "file": "reloadedranks:font/ranks/mod.png",
      "chars": [
        "\uE24D"
      ],
      "height": 8,
      "ascent": 8,
      "type": "bitmap"
    },
    {
      "file": "reloadedranks:font/ranks/sr-mod.png",
      "chars": [
        "\uE24E"
      ],
      "height": 8,
      "ascent": 8,
      "type": "bitmap"
    },
    {
      "file": "reloadedranks:font/ranks/admin.png",
      "chars": [
        "\uE24F"
      ],
      "height": 8,
      "ascent": 8,
      "type": "bitmap"
    },
    {
      "file": "reloadedranks:font/ranks/sr-admin.png",
      "chars": [
        "\uE23F"
      ],
      "height": 8,
      "ascent": 8,
      "type": "bitmap"
    },
    {
      "file": "reloadedranks:font/ranks/developer.png",
      "chars": [
        "\uE23E"
      ],
      "height": 8,
      "ascent": 8,
      "type": "bitmap"
    },
    {
      "file": "reloadedranks:font/ranks/manager.png",
      "chars": [
        "\uE23D"
      ],
      "height": 8,
      "ascent": 8,
      "type": "bitmap"
    },
    {
      "file": "reloadedranks:font/ranks/owner.png",
      "chars": [
        "\uE23C"
      ],
      "height": 8,
      "ascent": 8,
      "type": "bitmap"
    },
    {
      "file": "reloadedranks:font/ranks/media.png",
      "chars": [
        "\uE28E"
      ],
      "height": 8,
      "ascent": 8,
      "type": "bitmap"
    }
  ]
}